id,first_name,last_name,Gender,Company_Name
1,Alysa,Colbridge,Female,Zoozzy
2,Wynnie,Relf,Female,Photojam
3,Sol,MacNeely,Male,Demivee
4,Cherri,Nacci,Female,Katz
5,Vin,Trazzi,Male,Podcat
6,Edd,Dyerson,Male,Plambee
7,Benjie,Saul,Male,Roomm
8,Mireielle,Stansby,Female,Mydeo
9,Douglas,Hrihorovich,Male,Feedfish
10,Jaymie,Kingdom,Male,Dynava
11,Farrell,Benfield,Male,Gigaclub
12,Eilis,Motherwell,Female,Mymm
13,Hercule,Tithecott,Male,Voolith
14,Jerrylee,Bonniface,Female,Youspan
15,Evonne,Crowson,Female,Fiveclub
16,Adriane,Hundal,Female,Eadel
17,Goldina,Yakobovitz,Female,Browsezoom
18,Curry,Lumsden,Male,Oodoo
19,Jamima,Sellack,Female,Pixope
20,Celestyna,Athridge,Female,Thoughtstorm
